{"CELLAR_R0":0.0397350993,"MARKET_R0":0.0264900662,"MILITIA_R0":0.1059602649,"MINE_R0":0.0264900662,"MOAT_R0":0.0397350993,"REMODEL_R0":0.0132450331,"SMITHY_R0":0.1854304636,"VILLAGE_R0":0.1721854305,"WOODCUTTER_R0":0.0397350993,"WORKSHOP_R0":0.059602649,"CURSE_R0":0.0,"PROVINCE_R0":0.0,"DUCHY_R0":0.0,"ESTATE_R0":3.0066225166,"GOLD_R0":0.0,"SILVER_R0":0.2119205298,"COPPER_R0":7.0066225166,"CELLAR_R1":0.0993377483,"MARKET_R1":0.0927152318,"MILITIA_R1":0.1986754967,"MINE_R1":0.0264900662,"MOAT_R1":0.0728476821,"REMODEL_R1":0.0397350993,"SMITHY_R1":0.3642384106,"VILLAGE_R1":0.357615894,"WOODCUTTER_R1":0.0927152318,"WORKSHOP_R1":0.0927152318,"CURSE_R1":0.0,"PROVINCE_R1":0.0,"DUCHY_R1":0.0,"ESTATE_R1":3.0066225166,"GOLD_R1":0.0,"SILVER_R1":0.4370860927,"COPPER_R1":7.0066225166,"CELLAR_R2":0.1523178808,"MARKET_R2":0.2052980132,"MILITIA_R2":0.2781456954,"MINE_R2":0.0794701987,"MOAT_R2":0.119205298,"REMODEL_R2":0.0993377483,"SMITHY_R2":0.5099337748,"VILLAGE_R2":0.5033112583,"WOODCUTTER_R2":0.119205298,"WORKSHOP_R2":0.119205298,"CURSE_R2":0.0,"PROVINCE_R2":0.0,"DUCHY_R2":0.0066225166,"ESTATE_R2":3.0,"GOLD_R2":0.0794701987,"SILVER_R2":0.642384106,"COPPER_R2":7.0132450331,"CELLAR_R3":0.178807947,"MARKET_R3":0.357615894,"MILITIA_R3":0.3245033113,"MINE_R3":0.0993377483,"MOAT_R3":0.1655629139,"REMODEL_R3":0.1456953642,"SMITHY_R3":0.6158940397,"VILLAGE_R3":0.7086092715,"WOODCUTTER_R3":0.1456953642,"WORKSHOP_R3":0.1655629139,"CURSE_R3":0.0,"PROVINCE_R3":0.0,"DUCHY_R3":0.0066225166,"ESTATE_R3":2.9867549669,"GOLD_R3":0.1721854305,"SILVER_R3":0.8543046358,"COPPER_R3":7.0066225166,"CELLAR_R4":0.2052980132,"MARKET_R4":0.4900662252,"MILITIA_R4":0.3509933775,"MINE_R4":0.1523178808,"MOAT_R4":0.2119205298,"REMODEL_R4":0.2317880795,"SMITHY_R4":0.7549668874,"VILLAGE_R4":0.8543046358,"WOODCUTTER_R4":0.1854304636,"WORKSHOP_R4":0.2185430464,"CURSE_R4":0.0,"PROVINCE_R4":0.0264900662,"DUCHY_R4":0.0198675497,"ESTATE_R4":2.940397351,"GOLD_R4":0.3178807947,"SILVER_R4":1.0264900662,"COPPER_R4":7.0,"CELLAR_R5":0.2450331126,"MARKET_R5":0.6622516556,"MILITIA_R5":0.417218543,"MINE_R5":0.2119205298,"MOAT_R5":0.2582781457,"REMODEL_R5":0.2516556291,"SMITHY_R5":0.8741721854,"VILLAGE_R5":0.9668874172,"WOODCUTTER_R5":0.1986754967,"WORKSHOP_R5":0.2317880795,"CURSE_R5":0.0,"PROVINCE_R5":0.0662251656,"DUCHY_R5":0.0264900662,"ESTATE_R5":2.940397351,"GOLD_R5":0.4238410596,"SILVER_R5":1.2450331126,"COPPER_R5":7.0198675497,"CELLAR_R6":0.2913907285,"MARKET_R6":0.8410596026,"MILITIA_R6":0.4503311258,"MINE_R6":0.2516556291,"MOAT_R6":0.298013245,"REMODEL_R6":0.3046357616,"SMITHY_R6":0.9801324503,"VILLAGE_R6":1.0463576159,"WOODCUTTER_R6":0.2052980132,"WORKSHOP_R6":0.2582781457,"CURSE_R6":0.0132450331,"PROVINCE_R6":0.1125827815,"DUCHY_R6":0.0397350993,"ESTATE_R6":2.9139072848,"GOLD_R6":0.6357615894,"SILVER_R6":1.4966887417,"COPPER_R6":6.9933774834,"CELLAR_R7":0.3509933775,"MARKET_R7":0.9668874172,"MILITIA_R7":0.5364238411,"MINE_R7":0.2847682119,"MOAT_R7":0.3311258278,"REMODEL_R7":0.3642384106,"SMITHY_R7":1.0463576159,"VILLAGE_R7":1.1589403974,"WOODCUTTER_R7":0.2317880795,"WORKSHOP_R7":0.2715231788,"CURSE_R7":0.0132450331,"PROVINCE_R7":0.1920529801,"DUCHY_R7":0.0463576159,"ESTATE_R7":2.8940397351,"GOLD_R7":0.8476821192,"SILVER_R7":1.6887417219,"COPPER_R7":7.0132450331,"CELLAR_R8":0.4105960265,"MARKET_R8":1.1324503311,"MILITIA_R8":0.5562913907,"MINE_R8":0.3377483444,"MOAT_R8":0.4238410596,"REMODEL_R8":0.3841059603,"SMITHY_R8":1.1456953642,"VILLAGE_R8":1.3509933775,"WOODCUTTER_R8":0.238410596,"WORKSHOP_R8":0.2649006623,"CURSE_R8":0.0132450331,"PROVINCE_R8":0.2847682119,"DUCHY_R8":0.0662251656,"ESTATE_R8":2.8609271523,"GOLD_R8":1.0927152318,"SILVER_R8":1.8543046358,"COPPER_R8":7.0132450331,"CELLAR_R9":0.4966887417,"MARKET_R9":1.2715231788,"MILITIA_R9":0.5894039735,"MINE_R9":0.357615894,"MOAT_R9":0.4437086093,"REMODEL_R9":0.4304635762,"SMITHY_R9":1.2649006623,"VILLAGE_R9":1.4635761589,"WOODCUTTER_R9":0.2516556291,"WORKSHOP_R9":0.2715231788,"CURSE_R9":0.0132450331,"PROVINCE_R9":0.417218543,"DUCHY_R9":0.0927152318,"ESTATE_R9":2.821192053,"GOLD_R9":1.3509933775,"SILVER_R9":1.9801324503,"COPPER_R9":6.9801324503,"CELLAR_R10":0.5496688742,"MARKET_R10":1.4370860927,"MILITIA_R10":0.6092715232,"MINE_R10":0.3841059603,"MOAT_R10":0.4768211921,"REMODEL_R10":0.4569536424,"SMITHY_R10":1.3907284768,"VILLAGE_R10":1.5894039735,"WOODCUTTER_R10":0.2649006623,"WORKSHOP_R10":0.2847682119,"CURSE_R10":0.0198675497,"PROVINCE_R10":0.6092715232,"DUCHY_R10":0.1125827815,"ESTATE_R10":2.7682119205,"GOLD_R10":1.5761589404,"SILVER_R10":2.0662251656,"COPPER_R10":7.0331125828,"CELLAR_R11":0.6158940397,"MARKET_R11":1.6026490066,"MILITIA_R11":0.6357615894,"MINE_R11":0.4105960265,"MOAT_R11":0.5231788079,"REMODEL_R11":0.4900662252,"SMITHY_R11":1.5165562914,"VILLAGE_R11":1.761589404,"WOODCUTTER_R11":0.2847682119,"WORKSHOP_R11":0.2715231788,"CURSE_R11":0.0198675497,"PROVINCE_R11":0.8344370861,"DUCHY_R11":0.1324503311,"ESTATE_R11":2.7350993377,"GOLD_R11":1.8476821192,"SILVER_R11":2.1523178808,"COPPER_R11":7.0132450331,"CELLAR_R12":0.7218543046,"MARKET_R12":1.7218543046,"MILITIA_R12":0.6754966887,"MINE_R12":0.4701986755,"MOAT_R12":0.5231788079,"REMODEL_R12":0.4768211921,"SMITHY_R12":1.5562913907,"VILLAGE_R12":1.8741721854,"WOODCUTTER_R12":0.2913907285,"WORKSHOP_R12":0.2781456954,"CURSE_R12":0.0198675497,"PROVINCE_R12":1.0728476821,"DUCHY_R12":0.1854304636,"ESTATE_R12":2.7417218543,"GOLD_R12":2.0794701987,"SILVER_R12":2.238410596,"COPPER_R12":7.0,"CELLAR_R13":0.7814569536,"MARKET_R13":1.8874172185,"MILITIA_R13":0.6821192053,"MINE_R13":0.5099337748,"MOAT_R13":0.5562913907,"REMODEL_R13":0.5165562914,"SMITHY_R13":1.6291390728,"VILLAGE_R13":2.0,"WOODCUTTER_R13":0.298013245,"WORKSHOP_R13":0.2715231788,"CURSE_R13":0.0198675497,"PROVINCE_R13":1.3642384106,"DUCHY_R13":0.2450331126,"ESTATE_R13":2.7483443709,"GOLD_R13":2.2450331126,"SILVER_R13":2.357615894,"COPPER_R13":7.0132450331,"CELLAR_R14":0.8278145695,"MARKET_R14":2.0132450331,"MILITIA_R14":0.7152317881,"MINE_R14":0.5364238411,"MOAT_R14":0.6225165563,"REMODEL_R14":0.5629139073,"SMITHY_R14":1.6754966887,"VILLAGE_R14":2.0794701987,"WOODCUTTER_R14":0.3112582781,"WORKSHOP_R14":0.2781456954,"CURSE_R14":0.0198675497,"PROVINCE_R14":1.7152317881,"DUCHY_R14":0.3708609272,"ESTATE_R14":2.7748344371,"GOLD_R14":2.357615894,"SILVER_R14":2.4569536424,"COPPER_R14":7.0132450331,"CELLAR_R15":0.8675496689,"MARKET_R15":2.1258278146,"MILITIA_R15":0.761589404,"MINE_R15":0.5364238411,"MOAT_R15":0.6556291391,"REMODEL_R15":0.582781457,"SMITHY_R15":1.7218543046,"VILLAGE_R15":2.1986754967,"WOODCUTTER_R15":0.3178807947,"WORKSHOP_R15":0.2913907285,"CURSE_R15":0.0331125828,"PROVINCE_R15":1.9735099338,"DUCHY_R15":0.4834437086,"ESTATE_R15":2.7814569536,"GOLD_R15":2.5033112583,"SILVER_R15":2.5695364238,"COPPER_R15":7.0264900662,"CELLAR_R16":0.9271523179,"MARKET_R16":2.178807947,"MILITIA_R16":0.7748344371,"MINE_R16":0.5430463576,"MOAT_R16":0.7086092715,"REMODEL_R16":0.6158940397,"SMITHY_R16":1.7748344371,"VILLAGE_R16":2.3178807947,"WOODCUTTER_R16":0.3311258278,"WORKSHOP_R16":0.2913907285,"CURSE_R16":0.0331125828,"PROVINCE_R16":2.2251655629,"DUCHY_R16":0.6092715232,"ESTATE_R16":2.8410596026,"GOLD_R16":2.642384106,"SILVER_R16":2.6225165563,"COPPER_R16":7.0264900662,"CELLAR_R17":0.9470198675,"MARKET_R17":2.2649006623,"MILITIA_R17":0.7814569536,"MINE_R17":0.5629139073,"MOAT_R17":0.761589404,"REMODEL_R17":0.642384106,"SMITHY_R17":1.8278145695,"VILLAGE_R17":2.3841059603,"WOODCUTTER_R17":0.3377483444,"WORKSHOP_R17":0.2913907285,"CURSE_R17":0.0397350993,"PROVINCE_R17":2.4437086093,"DUCHY_R17":0.7483443709,"ESTATE_R17":2.880794702,"GOLD_R17":2.7549668874,"SILVER_R17":2.701986755,"COPPER_R17":7.0794701987,"CELLAR_R18":0.9801324503,"MARKET_R18":2.3311258278,"MILITIA_R18":0.7947019868,"MINE_R18":0.5695364238,"MOAT_R18":0.7947019868,"REMODEL_R18":0.6622516556,"SMITHY_R18":1.8543046358,"VILLAGE_R18":2.4503311258,"WOODCUTTER_R18":0.3509933775,"WORKSHOP_R18":0.3046357616,"CURSE_R18":0.0397350993,"PROVINCE_R18":2.7350993377,"DUCHY_R18":0.7947019868,